"排名","综合评分","判定","岗位","公司","薪资","城市","区域","经验要求","学历","公司规模","行业","休息制度","工作时间","弹性打卡","发布时间","匹配方向","加分项","减分项","过滤项","福利","含模块","投递链接","数据来源","信息来源"
"1","93","强烈推荐","人力资源管培生（广州）","中铁建工集团有限公司","8千-1.4万","北京·丰台区","","在校生/应届生","本科","500-1000人","","未提及","未提及","未提及","2026-09-29 04:30:59","管培生","品牌/知名企业(+8)；公司规模500-999人（500-1000人）(+5)；薪资7k+（8千-1.4万）(+5)；地点：广州(+5)；多模块（招聘/培训/薪酬/绩效/员关）(+5)；岗位方向：HRBP / HR管培生(+5)；接受应届生(+5)；一周内新发布（0天前）(+5)","","","五险一金、节日/团建、培训晋升、年终奖","招聘、培训、薪酬、绩效、员关、行政","https://jobs.51job.com/171471054.html","前程无忧","岗位描述（JD）正文 + 岗位发布信息与标题（相互补充，冲突时以 JD 正文为准）"
"2","91","强烈推荐","混凝土预拌厂人力资源岗","中建西部建设集团第四（广东）有限公司","6-8千","广州·番禺区","","在校生/应届生","硕士","500-1000人","","未提及","未提及","未提及","2026-09-23 10:49:31","人力资源专员","品牌/知名企业(+8)；公司规模500-999人（500-1000人）(+5)；关怀福利：交通补贴、包住/房补(+8)；地点：广州(+5)；多模块（规划/培训/薪酬/员关）(+5)；接受应届生(+5)；一周内新发布（6天前）(+5)","","","培训晋升、交通补贴、包住/房补、五险一金、年终奖","规划、培训、薪酬、员关","https://jobs.51job.com/169073817.html","前程无忧","岗位描述（JD）正文 + 岗位发布信息与标题（相互补充，冲突时以 JD 正文为准）"
"3","89","推荐","人事行政专员（南山）","深圳市科达利实业股份有限公司","9.5千-1.1万","深圳·南山区","","1年及以上","本科","10000人以上","","双休","未提及","未提及","2026-09-29 09:00:25","行政专员","公司规模10000人以上（10000人以上）(+10)；作息：双休(+10)；关怀福利：餐补/包吃(+4)；薪资7k+（9.5千-1.1万）(+5)；多模块（薪酬/员关/行政）(+5)；一周内新发布（0天前）(+5)","","","餐补/包吃、五险一金、双休、年终奖、带薪年假、股权激励、培训晋升","薪酬、员关、行政","https://jobs.51job.com/173646547.html","前程无忧","岗位描述（JD）正文 + 岗位发布信息与标题（相互补充，冲突时以 JD 正文为准）"
"4","88","推荐","人事行政文员","深圳市乐有家控股集团有限公司","5.8-7.5千","深圳·福田区","","1-5年","大专","10000人以上","","双休","未提及","未提及","2026-09-29 18:09:20","行政专员","公司规模10000人以上（10000人以上）(+10)；作息：双休(+10)；关怀福利：餐补/包吃、交通补贴(+8)；多模块（招聘/培训/薪酬/行政）(+5)；一周内新发布（0天前）(+5)","","","双休、培训晋升、餐补/包吃、交通补贴、五险一金、年终奖、带薪年假","招聘、培训、薪酬、行政","https://jobs.51job.com/173800914.html","前程无忧","岗位描述（JD）正文 + 岗位发布信息与标题（相互补充，冲突时以 JD 正文为准）"
"5","88","推荐","人力资源管培生（深圳）","中铁建工集团有限公司","8千-1.4万","北京·丰台区","","在校生/应届生","本科","500-1000人","","未提及","未提及","未提及","2026-09-29 04:30:58","管培生","品牌/知名企业(+8)；公司规模500-999人（500-1000人）(+5)；薪资7k+（8千-1.4万）(+5)；多模块（招聘/培训/薪酬/绩效/员关）(+5)；岗位方向：HRBP / HR管培生(+5)；接受应届生(+5)；一周内新发布（0天前）(+5)","","","五险一金、节日/团建、培训晋升、年终奖","招聘、培训、薪酬、绩效、员关、行政","https://jobs.51job.com/171471055.html","前程无忧","岗位描述（JD）正文 + 岗位发布信息与标题（相互补充，冲突时以 JD 正文为准）"
"6","88","推荐","百匠新人-人力资源岗(商业)-MJ004096","华润置地控股有限公司","1.2-1.5万·15薪","深圳","","在校生/应届生","硕士","10000人以上","","未提及","未提及","未提及","2026-09-29 04:33:27","人力资源专员","品牌/知名企业(+8)；公司规模10000人以上（10000人以上）(+10)；薪资7k+（1.2-1.5万·15薪）(+5)；多模块（招聘/培训/薪酬/员关）(+5)；接受应届生(+5)；一周内新发布（0天前）(+5)","","","培训晋升","招聘、培训、薪酬、员关","https://jobs.51job.com/173442796.html","前程无忧","岗位描述（JD）正文 + 岗位发布信息与标题（相互补充，冲突时以 JD 正文为准）"
"7","86","推荐","综合文员","郑州古冬文化传媒有限公司","5-7千","深圳·南山区","","1年及以上","大专","50-150人","","双休","未提及","是","2026-09-28 08:26:55","其它","作息：双休(+10)；弹性打卡(+10)；关怀福利：餐补/包吃、交通补贴(+8)；双模块（薪酬/行政）(+3)；一周内新发布（1天前）(+5)","","","餐补/包吃、交通补贴、五险一金、双休、年终奖、节日/团建","薪酬、行政","https://jobs.51job.com/173779128.html","前程无忧","岗位描述（JD）正文 + 岗位发布信息与标题（相互补充，冲突时以 JD 正文为准）"
"8","86","推荐","行政专员","太星（珠海）科技有限公司","6-7千","珠海·珠海高新区","","1年及以上","大专","50-150人","","双休","未提及","是","2026-09-23 09:01:02","行政专员","作息：双休(+10)；弹性打卡(+10)；关怀福利：餐补/包吃、包住/房补(+8)；双模块（薪酬/行政）(+3)；一周内新发布（6天前）(+5)","","","包住/房补、餐补/包吃、五险一金、双休、年终奖、带薪年假、节日/团建","薪酬、行政","https://jobs.51job.com/173750849.html","前程无忧","岗位描述（JD）正文 + 岗位发布信息与标题（相互补充，冲突时以 JD 正文为准）"
"9","85","推荐","人力资源专员","广州市天河投资集团有限公司","12-14万/年","广州·天河区","","在校生/应届生","本科","50-150人","","双休","未提及","未提及","2026-09-29 16:09:49","人力资源专员","作息：双休(+10)；薪资7k+（12-14万/年）(+5)；地点：广州(+5)；多模块（规划/招聘/培训/薪酬/绩效）(+5)；接受应届生(+5)；一周内新发布（0天前）(+5)","","","培训晋升、双休","规划、招聘、培训、薪酬、绩效、员关、行政","https://jobs.51job.com/173589817.html","前程无忧","岗位描述（JD）正文 + 岗位发布信息与标题（相互补充，冲突时以 JD 正文为准）"
"10","84","推荐","人事行政专员","广东萝薇化妆品股份有限公司","5-6千","广州·白云区","","1年及以上","大专","500-1000人","","未提及","未提及","未提及","2026-09-24 10:36:51","行政专员","游戏/日化行业(+10)；公司规模500-999人（500-1000人）(+5)；关怀福利：餐补/包吃、交通补贴、包住/房补(+10)；地点：广州(+5)；多模块（薪酬/员关/行政）(+5)；一周内新发布（5天前）(+5)","薪资偏低（5-6千）(-6)","","培训晋升、餐补/包吃、交通补贴、包住/房补、五险一金、年终奖","薪酬、员关、行政","https://jobs.51job.com/173765822.html","前程无忧","岗位描述（JD）正文 + 岗位发布信息与标题（相互补充，冲突时以 JD 正文为准）"
"11","84","推荐","招聘专员","深圳市研成工业技术股份有限公司","7千-1.2万·13薪","深圳·龙岗区","","3年及以上","本科","150-500人","","双休","未提及","未提及","2026-09-23 11:29:00","招聘岗","公司规模100-499人（150-500人）(+2)；作息：双休(+10)；关怀福利：包住/房补(+4)；薪资7k+（7千-1.2万·13薪）(+5)；双模块（招聘/员关）(+3)；接受应届生(+5)；一周内新发布（6天前）(+5)","","","包住/房补、五险一金、双休、年终奖、带薪年假、培训晋升","招聘、员关","https://jobs.51job.com/151237767.html","前程无忧","岗位描述（JD）正文 + 岗位发布信息与标题（相互补充，冲突时以 JD 正文为准）"
"12","83","推荐","2026届三福商品中心储备干部","三福服饰有限公司","4-8千","广州·白云区","","在校生/应届生","本科","10000人以上","","未提及","未提及","未提及","2026-09-29 04:32:27","管培生","公司规模10000人以上（10000人以上）(+10)；关怀福利：包住/房补、下午茶(+8)；地点：广州(+5)；多模块（招聘/培训/员关）(+5)；一周内新发布（0天前）(+5)","","","包住/房补、下午茶、年终奖、节日/团建、培训晋升","招聘、培训、员关","https://jobs.51job.com/169243059.html","前程无忧","岗位描述（JD）正文 + 岗位发布信息与标题（相互补充，冲突时以 JD 正文为准）"
"13","82","推荐","央企物业佛山综合专员","五矿物业服务（广东）有限公司","5-7千·13薪","佛山·顺德区","","1年及以上","大专","150-500人","","未提及","未提及","未提及","2026-09-28 16:58:24","其它","公司规模100-499人（150-500人）(+2)；关怀福利：餐补/包吃、交通补贴、包住/房补(+10)；地点：佛山(+5)；多模块（招聘/培训/薪酬/员关/行政）(+5)；接受应届生(+5)；一周内新发布（1天前）(+5)","","","包住/房补、培训晋升、餐补/包吃、交通补贴、五险一金、年终奖、带薪年假、节日/团建","招聘、培训、薪酬、员关、行政","https://jobs.51job.com/157644649.html","前程无忧","岗位描述（JD）正文 + 岗位发布信息与标题（相互补充，冲突时以 JD 正文为准）"
"14","82","推荐","HRBP（营销团队）(J14809)","科兴生物制药股份有限公司","1-1.5万","深圳","","1-3年","本科","1000-5000人","","未提及","未提及","未提及","2026-09-28 13:58:38","HRBP","公司规模1000-9999人（1000-5000人）(+8)；关怀福利：餐补/包吃(+4)；薪资7k+（1-1.5万）(+5)；多模块（招聘/培训/绩效/员关）(+5)；岗位方向：HRBP / HR管培生(+5)；一周内新发布（1天前）(+5)","","","餐补/包吃、五险一金、年终奖、带薪年假","招聘、培训、绩效、员关","https://jobs.51job.com/172478144.html","前程无忧","岗位描述（JD）正文 + 岗位发布信息与标题（相互补充，冲突时以 JD 正文为准）"
"15","81","推荐","行政人事专员","广州智汇产业运营管理有限公司","4-6千","广州·天河区","","1年及以上","本科","500-1000人","","双休","未提及","未提及","2026-09-23 11:52:18","人力资源专员","公司规模500-999人（500-1000人）(+5)；作息：双休(+10)；关怀福利：交通补贴(+4)；地点：广州(+5)；双模块（员关/行政）(+3)；接受应届生(+5)；一周内新发布（6天前）(+5)","薪资偏低（4-6千）(-6)","","节日/团建、交通补贴、五险一金、双休、带薪年假","员关、行政","https://jobs.51job.com/173754932.html","前程无忧","岗位描述（JD）正文 + 岗位发布信息与标题（相互补充，冲突时以 JD 正文为准）"
"16","81","推荐","行政人事专员","深圳市通产丽星科技集团有限公司","5-8千·13薪","深圳","","1年及以上","本科","1000-5000人","","未提及","未提及","未提及","2026-09-23 10:16:47","人力资源专员","公司规模1000-9999人（1000-5000人）(+8)；关怀福利：交通补贴、包住/房补(+8)；多模块（招聘/薪酬/员关/行政）(+5)；接受应届生(+5)；一周内新发布（6天前）(+5)","","","五险一金、节日/团建、交通补贴、包住/房补、年终奖","招聘、薪酬、员关、行政","https://jobs.51job.com/173752568.html","前程无忧","岗位描述（JD）正文 + 岗位发布信息与标题（相互补充，冲突时以 JD 正文为准）"
"17","80","推荐","招聘专员","华新（佛山）彩色印刷有限公司","6-7千·13薪","佛山","","1年及以上","本科","500-1000人","","双休","未提及","未提及","2026-09-23 12:27:41","招聘岗","公司规模500-999人（500-1000人）(+5)；作息：双休(+10)；地点：佛山(+5)；多模块（招聘/培训/员关）(+5)；一周内新发布（6天前）(+5)","","","培训晋升、五险一金、双休、带薪年假、节日/团建","招聘、培训、员关","https://jobs.51job.com/173755580.html","前程无忧","岗位描述（JD）正文 + 岗位发布信息与标题（相互补充，冲突时以 JD 正文为准）"
"18","80","推荐","行政前台文员","深圳市天利兴科技开发有限公司","5-7千","深圳·龙岗区","","1年及以上","大专","150-500人","","未提及","未提及","是","2026-09-28 11:12:53","行政专员","公司规模100-499人（150-500人）(+2)；弹性打卡(+10)；关怀福利：餐补/包吃、下午茶(+8)；多模块（薪酬/员关/行政）(+5)；一周内新发布（1天前）(+5)","","","餐补/包吃、下午茶、五险一金、带薪年假、节日/团建、培训晋升","薪酬、员关、行政","https://jobs.51job.com/172191602.html","前程无忧","岗位描述（JD）正文 + 岗位发布信息与标题（相互补充，冲突时以 JD 正文为准）"
"19","80","推荐","行政文员","东莞市榕晟电子科技有限公司","5-7千","东莞·常平镇","","1年及以上","大专","500-1000人","","未提及","未提及","未提及","2026-09-23 15:45:05","行政专员","公司规模500-999人（500-1000人）(+5)；关怀福利：餐补/包吃、包住/房补、下午茶(+10)；多模块（招聘/员关/行政）(+5)；接受应届生(+5)；一周内新发布（6天前）(+5)","","","包住/房补、下午茶、节日/团建、餐补/包吃、五险一金、年终奖、培训晋升","招聘、员关、行政","https://jobs.51job.com/173759721.html","前程无忧","岗位描述（JD）正文 + 岗位发布信息与标题（相互补充，冲突时以 JD 正文为准）"
"20","78","推荐","人力行政副总经理助理","广东三雄极光照明股份有限公司","9千-1.5万","广州·南沙区","","3年及以上","本科","1000-5000人","","未提及","未提及","未提及","2026-09-28 10:13:29","部门助理","公司规模1000-9999人（1000-5000人）(+8)；关怀福利：餐补/包吃、交通补贴、包住/房补(+10)；薪资7k+（9千-1.5万）(+5)；地点：广州(+5)；多模块（规划/招聘/培训/薪酬/绩效）(+5)；接受应届生(+5)；一周内新发布（1天前）(+5)","管理/资深岗位（应届不匹配）(-15)","","培训晋升、餐补/包吃、交通补贴、包住/房补、五险一金、年终奖、带薪年假、节日/团建","规划、招聘、培训、薪酬、绩效、员关、行政","https://jobs.51job.com/172076841.html","前程无忧","岗位描述（JD）正文 + 岗位发布信息与标题（相互补充，冲突时以 JD 正文为准）"
"21","78","推荐","薪酬绩效专员","广东启悦未来科技有限公司","7-9千","深圳·龙岗区","","1年及以上","本科","5000-10000人","","未提及","未提及","未提及","2026-09-23 16:59:38","其它","公司规模1000-9999人（5000-10000人）(+8)；薪资7k+（7-9千）(+5)；多模块（薪酬/绩效/员关/行政）(+5)；接受应届生(+5)；一周内新发布（6天前）(+5)","","","五险一金","薪酬、绩效、员关、行政","https://jobs.51job.com/173761249.html","前程无忧","岗位描述（JD）正文 + 岗位发布信息与标题（相互补充，冲突时以 JD 正文为准）"
"22","78","推荐","市场行政专员","深圳领威科技有限公司","9千-1.1万","深圳·龙华区","","无需经验","本科","1000-5000人","","大小周","未提及","未提及","2026-09-28 17:35:13","行政专员","公司规模1000-9999人（1000-5000人）(+8)；作息：大小周(+2)；关怀福利：餐补/包吃、包住/房补(+8)；薪资7k+（9千-1.1万）(+5)；双模块（招聘/行政）(+3)；一周内新发布（1天前）(+5)","大小周（非双休）(-3)","","餐补/包吃、包住/房补、五险一金、年终奖、节日/团建、培训晋升","招聘、行政","https://jobs.51job.com/173787905.html","前程无忧","岗位描述（JD）正文 + 岗位发布信息与标题（相互补充，冲突时以 JD 正文为准）"
"23","78","推荐","行政助理（学院宣传）- 理工学院","香港中文大学（深圳）","9千-1.3万","深圳","","1年及以上","本科","1000-5000人","","双休","未提及","未提及","2026-09-24 09:41:40","行政专员","公司规模1000-9999人（1000-5000人）(+8)；作息：双休(+10)；薪资7k+（9千-1.3万）(+5)；一周内新发布（5天前）(+5)","","","五险一金、双休、带薪年假、节日/团建","","https://jobs.51job.com/173764648.html","前程无忧","岗位描述（JD）正文 + 岗位发布信息与标题（相互补充，冲突时以 JD 正文为准）"
"24","78","推荐","人事文员","郑州古冬文化传媒有限公司","5-7千","深圳·南山区","","1年及以上","大专","50-150人","","未提及","未提及","是","2026-09-28 08:27:46","其它","弹性打卡(+10)；关怀福利：餐补/包吃、交通补贴(+8)；多模块（招聘/培训/薪酬/员关/行政）(+5)；一周内新发布（1天前）(+5)","","","五险一金、节日/团建、培训晋升、餐补/包吃、交通补贴、年终奖","招聘、培训、薪酬、员关、行政","https://jobs.51job.com/173779134.html","前程无忧","岗位描述（JD）正文 + 岗位发布信息与标题（相互补充，冲突时以 JD 正文为准）"
"25","75","推荐","人资行政岗","欧派家居集团股份有限公司","7-9千","广州·白云区","","在校生/应届生","本科","10000人以上","","未提及","未提及","未提及","2026-09-28 14:30:44","行政专员","公司规模10000人以上（10000人以上）(+10)；薪资7k+（7-9千）(+5)；地点：广州(+5)；一周内新发布（1天前）(+5)","","","","","https://jobs.51job.com/173784953.html","前程无忧","岗位描述（JD）正文 + 岗位发布信息与标题（相互补充，冲突时以 JD 正文为准）"
"26","75","推荐","人力资源专员（培训板块）","广州市番禺致丰微电器有限公司","5-8千","广州·南沙区","","1-3年","本科","1000-5000人","","未提及","未提及","未提及","2026-09-28 11:17:00","人力资源专员","公司规模1000-9999人（1000-5000人）(+8)；关怀福利：餐补/包吃(+4)；地点：广州(+5)；双模块（培训/员关）(+3)；一周内新发布（1天前）(+5)","","","培训晋升、餐补/包吃、五险一金、带薪年假","培训、员关","https://jobs.51job.com/173782209.html","前程无忧","岗位描述（JD）正文 + 岗位发布信息与标题（相互补充，冲突时以 JD 正文为准）"
"27","75","推荐","人力资源专员-培训","广州市番禺致丰微电器有限公司","5-8千","广州·南沙区","","1年及以上","本科","1000-5000人","","未提及","未提及","未提及","2026-09-28 10:00:38","人力资源专员","公司规模1000-9999人（1000-5000人）(+8)；关怀福利：餐补/包吃(+4)；地点：广州(+5)；双模块（培训/员关）(+3)；一周内新发布（1天前）(+5)","","","培训晋升、餐补/包吃、五险一金、带薪年假","培训、员关","https://jobs.51job.com/173780405.html","前程无忧","岗位描述（JD）正文 + 岗位发布信息与标题（相互补充，冲突时以 JD 正文为准）"
"28","75","推荐","人事行政兼前台","东莞一贝核科技有限公司","4.5-8千","东莞·清溪镇","","1年","中技/中专","150-500人","","未提及","未提及","未提及","2026-09-28 10:45:37","其它","公司规模100-499人（150-500人）(+2)；关怀福利：餐补/包吃、包住/房补(+8)；多模块（招聘/薪酬/员关/行政）(+5)；接受应届生(+5)；一周内新发布（1天前）(+5)","","","餐补/包吃、包住/房补、五险一金、年终奖、带薪年假、节日/团建、培训晋升","招聘、薪酬、员关、行政","https://jobs.51job.com/173772476.html","前程无忧","岗位描述（JD）正文 + 岗位发布信息与标题（相互补充，冲突时以 JD 正文为准）"
"29","75","推荐","人力资源管理培训生（HRBP / AI HR）（深圳）","福建南孚市场营销有限公司","8千-1万","深圳","","在校生/应届生","本科","500-1000人","","未提及","未提及","未提及","2026-09-29 15:40:50","HRBP","公司规模500-999人（500-1000人）(+5)；薪资7k+（8千-1万）(+5)；多模块（规划/招聘/培训/薪酬/绩效）(+5)；岗位方向：HRBP / HR管培生(+5)；一周内新发布（0天前）(+5)","","","培训晋升","规划、招聘、培训、薪酬、绩效、BP","https://jobs.51job.com/173797745.html","前程无忧","岗位描述（JD）正文 + 岗位发布信息与标题（相互补充，冲突时以 JD 正文为准）"
"30","75","推荐","行政助理（活动 & 资产方向）","汇利达国际货运代理（广州）有限公司深圳分公司","5-7千","深圳·罗湖区","","1年及以上","大专","150-500人","","双休","未提及","未提及","2026-09-29 12:28:44","行政专员","公司规模100-499人（150-500人）(+2)；作息：双休(+10)；关怀福利：交通补贴、下午茶(+8)；一周内新发布（0天前）(+5)","","","下午茶、五险一金、双休、年终奖、带薪年假、节日/团建、培训晋升、交通补贴","行政","https://jobs.51job.com/173794861.html","前程无忧","岗位描述（JD）正文 + 岗位发布信息与标题（相互补充，冲突时以 JD 正文为准）"
"31","75","推荐","薪酬绩效运营岗","长城物业集团股份有限公司重庆分公司","5-9千","深圳·龙华区","","1年及以上","本科","10000人以上","","未提及","未提及","未提及","2026-09-28 11:02:44","其它","公司规模10000人以上（10000人以上）(+10)；多模块（薪酬/绩效/行政）(+5)；接受应届生(+5)；一周内新发布（1天前）(+5)","","","五险一金、带薪年假、节日/团建、培训晋升","薪酬、绩效、行政","https://jobs.51job.com/173781875.html","前程无忧","岗位描述（JD）正文 + 岗位发布信息与标题（相互补充，冲突时以 JD 正文为准）"
"32","73","可考虑","招聘专员","广东亿达汽车密封件股份有限公司","6-9千","佛山·顺德区","","1-3年","大专","150-500人","","未提及","未提及","未提及","2026-09-27 10:15:13","招聘岗","公司规模100-499人（150-500人）(+2)；关怀福利：交通补贴、包住/房补(+8)；地点：佛山(+5)；双模块（招聘/员关）(+3)；一周内新发布（2天前）(+5)","","","交通补贴、包住/房补、五险一金、年终奖、节日/团建","招聘、员关","https://jobs.51job.com/173294425.html","前程无忧","岗位描述（JD）正文 + 岗位发布信息与标题（相互补充，冲突时以 JD 正文为准）"
"33","73","可考虑","人事行政文员 / HR&GA Clerk","海洋网联船务（中国）有限公司","5.5-7千·13薪","深圳·福田区","","1-2年","大专","500-1000人","","双休","未提及","未提及","2026-09-23 15:36:34","行政专员","公司规模500-999人（500-1000人）(+5)；作息：双休(+10)；双模块（薪酬/行政）(+3)；一周内新发布（6天前）(+5)","","","五险一金、双休、年终奖、带薪年假、节日/团建","薪酬、行政","https://jobs.51job.com/171661264.html","前程无忧","岗位描述（JD）正文 + 岗位发布信息与标题（相互补充，冲突时以 JD 正文为准）"
"34","72","可考虑","前台（西门子-广州分公司）","德贝斯特（北京）物业管理有限公司","5-7千","广州","","无需经验","大专","150-500人","","双休","未提及","未提及","2026-09-28 17:35:54","其它","公司规模100-499人（150-500人）(+2)；作息：双休(+10)；地点：广州(+5)；一周内新发布（1天前）(+5)","","","五险一金、双休、节日/团建","行政","https://jobs.51job.com/173787534.html","前程无忧","岗位描述（JD）正文 + 岗位发布信息与标题（相互补充，冲突时以 JD 正文为准）"
"35","72","可考虑","人事行政专员","镭神技术（深圳）股份有限公司","5-7千·13薪","东莞·松山湖区","","1年及以上","大专","1000-5000人","","未提及","未提及","未提及","2026-09-28 15:02:51","行政专员","公司规模1000-9999人（1000-5000人）(+8)；关怀福利：下午茶(+4)；多模块（招聘/薪酬/员关/行政）(+5)；一周内新发布（1天前）(+5)","","","五险一金、下午茶、年终奖、带薪年假、节日/团建、培训晋升","招聘、薪酬、员关、行政","https://jobs.51job.com/173458604.html","前程无忧","岗位描述（JD）正文 + 岗位发布信息与标题（相互补充，冲突时以 JD 正文为准）"
"36","72","可考虑","人事前台文员","广东奥鸿智能装备有限公司","5-6千","东莞·南城区","","1年及以上","大专","500-1000人","","未提及","未提及","未提及","2026-09-27 13:58:22","其它","公司规模500-999人（500-1000人）(+5)；关怀福利：餐补/包吃、包住/房补(+8)；多模块（薪酬/员关/行政）(+5)；接受应届生(+5)；一周内新发布（2天前）(+5)","薪资偏低（5-6千）(-6)","","餐补/包吃、包住/房补、五险一金、带薪年假、节日/团建","薪酬、员关、行政","https://jobs.51job.com/171167662.html","前程无忧","岗位描述（JD）正文 + 岗位发布信息与标题（相互补充，冲突时以 JD 正文为准）"
"37","71","可考虑","行政助理","珠海华芯微电子有限公司","5-7千","珠海·珠海高新区","","1年","本科","150-500人","","双休","未提及","未提及","2026-09-29 09:28:29","行政专员","公司规模100-499人（150-500人）(+2)；作息：双休(+10)；关怀福利：包住/房补(+4)；一周内新发布（0天前）(+5)","","","包住/房补、五险一金、双休、年终奖、带薪年假","行政","https://jobs.51job.com/153601017.html","前程无忧","岗位描述（JD）正文 + 岗位发布信息与标题（相互补充，冲突时以 JD 正文为准）"
"38","70","可考虑","招聘助理（广州）","广东阿尔创通信技术股份有限公司","7-8千","广州","","1年及以上","本科","150-500人","","未提及","未提及","未提及","2026-09-23 13:35:03","招聘岗","公司规模100-499人（150-500人）(+2)；薪资7k+（7-8千）(+5)；地点：广州(+5)；双模块（招聘/员关）(+3)；一周内新发布（6天前）(+5)","","","五险一金","招聘、员关","https://jobs.51job.com/173642670.html","前程无忧","岗位描述（JD）正文 + 岗位发布信息与标题（相互补充，冲突时以 JD 正文为准）"
"39","70","可考虑","人力资源管培生","中国国际海运集装箱（集团）股份有限公司","7-10万/年","深圳·南山区","","在校生/应届生","本科","10000人以上","","未提及","未提及","未提及","2026-09-28 04:03:49","管培生","公司规模10000人以上（10000人以上）(+10)；岗位方向：HRBP / HR管培生(+5)；一周内新发布（1天前）(+5)","","","培训晋升","","https://jobs.51job.com/173670624.html","前程无忧","岗位描述（JD）正文 + 岗位发布信息与标题（相互补充，冲突时以 JD 正文为准）"
"40","70","可考虑","行政文员兼前台（急聘）","深圳市新新运国际物流有限公司","7-9千·13薪","深圳·福田区","","1年及以上","本科","50-150人","","大小周","未提及","未提及","2026-09-28 15:08:04","行政专员","作息：大小周(+2)；关怀福利：包住/房补、下午茶(+8)；薪资7k+（7-9千·13薪）(+5)；双模块（员关/行政）(+3)；一周内新发布（1天前）(+5)","大小周（非双休）(-3)","","包住/房补、下午茶、五险一金、节日/团建、培训晋升、带薪年假","员关、行政","https://jobs.51job.com/173786241.html","前程无忧","岗位描述（JD）正文 + 岗位发布信息与标题（相互补充，冲突时以 JD 正文为准）"
"41","70","可考虑","总经理秘书","中外运-敦豪国际航空快件有限公司","1-1.3万","深圳·福田区","","2年及以上","本科","5000-10000人","","双休","未提及","未提及","2026-09-28 15:28:20","其它","公司规模1000-9999人（5000-10000人）(+8)；作息：双休(+10)；关怀福利：餐补/包吃(+4)；薪资7k+（1-1.3万）(+5)；双模块（员关/行政）(+3)；一周内新发布（1天前）(+5)","管理/资深岗位（应届不匹配）(-15)","","双休、带薪年假、节日/团建、培训晋升、餐补/包吃、五险一金、年终奖","员关、行政","https://jobs.51job.com/173786636.html","前程无忧","岗位描述（JD）正文 + 岗位发布信息与标题（相互补充，冲突时以 JD 正文为准）"
"42","70","可考虑","人力资源管理","中国电气装备集团有限公司","","珠海","","在校生/应届生","硕士","10000人以上","","未提及","未提及","未提及","2026-09-29 04:35:45","其它","公司规模10000人以上（10000人以上）(+10)；多模块（招聘/培训/薪酬/绩效/员关）(+5)；一周内新发布（0天前）(+5)","","","培训晋升","招聘、培训、薪酬、绩效、员关","https://jobs.51job.com/173632482.html","前程无忧","岗位描述（JD）正文 + 岗位发布信息与标题（相互补充，冲突时以 JD 正文为准）"
"43","69","可考虑","行政专员","华新（佛山）彩色印刷有限公司","6-7千·13薪","佛山","","1年及以上","本科","500-1000人","","未提及","未提及","未提及","2026-09-23 17:30:52","行政专员","公司规模500-999人（500-1000人）(+5)；关怀福利：餐补/包吃(+4)；地点：佛山(+5)；一周内新发布（6天前）(+5)","","","餐补/包吃","行政","https://jobs.51job.com/173762041.html","前程无忧","岗位描述（JD）正文 + 岗位发布信息与标题（相互补充，冲突时以 JD 正文为准）"
"44","69","可考虑","人事行政专员","深圳市德诚达物流有限公司","6-8千","深圳·盐田区","","2年及以上","大专","50-150人","","未提及","未提及","未提及","2026-09-25 15:42:47","行政专员","关怀福利：包住/房补(+4)；多模块（招聘/薪酬/员关/行政）(+5)；接受应届生(+5)；一周内新发布（4天前）(+5)","","","包住/房补、五险一金、带薪年假、节日/团建、培训晋升","招聘、薪酬、员关、行政","https://jobs.51job.com/172646095.html","前程无忧","岗位描述（JD）正文 + 岗位发布信息与标题（相互补充，冲突时以 JD 正文为准）"
"45","69","可考虑","综合行政","深圳市未来清研智能科技有限公司","1-2万","深圳·南山区","","1-3年","本科","50-150人","","未提及","未提及","未提及","2026-09-24 19:37:12","其它","关怀福利：餐补/包吃(+4)；薪资7k+（1-2万）(+5)；接受应届生(+5)；一周内新发布（5天前）(+5)","","","培训晋升、餐补/包吃、五险一金、年终奖、带薪年假","行政","https://jobs.51job.com/173774068.html","前程无忧","岗位描述（JD）正文 + 岗位发布信息与标题（相互补充，冲突时以 JD 正文为准）"
"46","68","可考虑","人事专员","深圳市和盛达电子烟配件有限公司","5-7千","深圳·宝安区","","1年及以上","高中","50-150人","","未提及","未提及","未提及","2026-09-27 10:04:44","人力资源专员","关怀福利：餐补/包吃、包住/房补(+8)；多模块（招聘/薪酬/员关/行政）(+5)；一周内新发布（2天前）(+5)","","","餐补/包吃、包住/房补、五险一金、年终奖、带薪年假","招聘、薪酬、员关、行政","https://jobs.51job.com/170827696.html","前程无忧","岗位描述（JD）正文 + 岗位发布信息与标题（相互补充，冲突时以 JD 正文为准）"
"47","68","可考虑","人事助理","广东大族粤铭激光集团股份有限公司","5-7千","东莞","","1年及以上","本科","500-1000人","","未提及","未提及","未提及","2026-09-27 13:44:09","其它","公司规模500-999人（500-1000人）(+5)；双模块（薪酬/员关）(+3)；接受应届生(+5)；一周内新发布（2天前）(+5)","","","五险一金、年终奖、培训晋升","薪酬、员关","https://jobs.51job.com/123747305.html","前程无忧","岗位描述（JD）正文 + 岗位发布信息与标题（相互补充，冲突时以 JD 正文为准）"
"48","68","可考虑","行政前台专员","领亚电子科技股份有限公司","6-8千","东莞·松山湖区","","1年及以上","本科","1000-5000人","","未提及","未提及","未提及","2026-09-28 11:15:10","行政专员","公司规模1000-9999人（1000-5000人）(+8)；接受应届生(+5)；一周内新发布（1天前）(+5)","","","五险一金、年终奖、培训晋升","行政","https://jobs.51job.com/173782167.html","前程无忧","岗位描述（JD）正文 + 岗位发布信息与标题（相互补充，冲突时以 JD 正文为准）"
"49","68","可考虑","人力资源岗（深圳）","天马微电子股份有限公司","6.5千-1万·14薪","深圳","","在校生/应届生","本科","10000人以上","","未提及","未提及","未提及","2026-09-27 04:33:52","人力资源专员","公司规模10000人以上（10000人以上）(+10)；关怀福利：交通补贴(+4)；多模块（招聘/培训/薪酬/绩效/员关）(+5)；一周内新发布（2天前）(+5)","薪资偏低（6.5千-1万·14薪）(-6)","","培训晋升、交通补贴、五险一金","招聘、培训、薪酬、绩效、员关","https://jobs.51job.com/173728727.html","前程无忧","岗位描述（JD）正文 + 岗位发布信息与标题（相互补充，冲突时以 JD 正文为准）"
"50","67","可考虑","总经理助理","粤天下科技物业（广州）有限公司","6-7千","广州·白云区","","无需经验","本科","150-500人","","双休","未提及","未提及","2026-09-28 09:34:48","部门助理","公司规模100-499人（150-500人）(+2)；作息：双休(+10)；地点：广州(+5)；多模块（招聘/员关/行政）(+5)；接受应届生(+5)；一周内新发布（1天前）(+5)","管理/资深岗位（应届不匹配）(-15)","","五险一金、双休","招聘、员关、行政","https://jobs.51job.com/173069831.html","前程无忧","岗位描述（JD）正文 + 岗位发布信息与标题（相互补充，冲突时以 JD 正文为准）"
"51","67","可考虑","行政专员","曼圣国际进出口（广州）有限公司","5-8千·13薪","广州·番禺区","","1年及以上","大专","50-150人","","未提及","未提及","未提及","2026-09-29 15:10:28","行政专员","关怀福利：下午茶(+4)；地点：广州(+5)；双模块（员关/行政）(+3)；一周内新发布（0天前）(+5)","","","下午茶、年终奖、节日/团建、培训晋升、五险一金","员关、行政","https://jobs.51job.com/173797354.html","前程无忧","岗位描述（JD）正文 + 岗位发布信息与标题（相互补充，冲突时以 JD 正文为准）"
"52","67","可考虑","招聘专员","深圳市星河电路股份有限公司","5-6千","深圳·宝安区","","1年及以上","大专","500-1000人","","未提及","未提及","未提及","2026-09-23 08:26:12","招聘岗","公司规模500-999人（500-1000人）(+5)；关怀福利：餐补/包吃、包住/房补(+8)；多模块（招聘/培训/员关/行政）(+5)；一周内新发布（6天前）(+5)","薪资偏低（5-6千）(-6)","","餐补/包吃、包住/房补、五险一金、培训晋升、年终奖、带薪年假","招聘、培训、员关、行政","https://jobs.51job.com/173750497.html","前程无忧","岗位描述（JD）正文 + 岗位发布信息与标题（相互补充，冲突时以 JD 正文为准）"
"53","66","可考虑","绩效专员","东莞市卓茂仪器有限公司","6千-1万·13薪","东莞·高埗镇","","1年及以上","本科","150-500人","","双休","未提及","未提及","2026-09-23 08:14:46","其它","公司规模100-499人（150-500人）(+2)；作息：双休(+10)；多模块（培训/薪酬/绩效）(+5)；一周内新发布（6天前）(+5)","薪资偏低（6千-1万·13薪）(-6)","","五险一金、培训晋升、双休、年终奖、带薪年假、节日/团建","培训、薪酬、绩效","https://jobs.51job.com/173318400.html","前程无忧","岗位描述（JD）正文 + 岗位发布信息与标题（相互补充，冲突时以 JD 正文为准）"
"54","65","可考虑","总务科长（行政人事经理）","广州富强尔汽车科技有限公司","7千-1万","广州·南沙区","","2年","大专","150-500人","","未提及","未提及","未提及","2026-09-29 15:55:46","其它","公司规模100-499人（150-500人）(+2)；关怀福利：餐补/包吃、包住/房补(+8)；薪资7k+（7千-1万）(+5)；地点：广州(+5)；多模块（招聘/薪酬/绩效/员关/行政）(+5)；一周内新发布（0天前）(+5)","管理/资深岗位（应届不匹配）(-15)","","包住/房补、餐补/包吃、节日/团建、培训晋升","招聘、薪酬、绩效、员关、行政","https://jobs.51job.com/151296782.html","前程无忧","岗位描述（JD）正文 + 岗位发布信息与标题（相互补充，冲突时以 JD 正文为准）"
"55","65","可考虑","行政专员","深圳市欧耐特通讯有限公司","5-7千·13薪","深圳","","1年","大专","150-500人","","大小周","未提及","未提及","2026-09-28 10:47:30","行政专员","公司规模100-499人（150-500人）(+2)；作息：大小周(+2)；关怀福利：包住/房补(+4)；多模块（培训/薪酬/绩效/员关/行政）(+5)；一周内新发布（1天前）(+5)","大小周（非双休）(-3)","","包住/房补、五险一金、年终奖、节日/团建、培训晋升、带薪年假","培训、薪酬、绩效、员关、行政","https://jobs.51job.com/130276639.html","前程无忧","岗位描述（JD）正文 + 岗位发布信息与标题（相互补充，冲突时以 JD 正文为准）"
"56","65","可考虑","招聘专员","深圳万润存储科技有限公司","8千-1万","深圳·光明区","","1-3年","硕士","50-150人","","未提及","未提及","未提及","2026-09-28 09:41:24","招聘岗","薪资7k+（8千-1万）(+5)；多模块（招聘/薪酬/员关）(+5)；一周内新发布（1天前）(+5)","","","五险一金、培训晋升","招聘、薪酬、员关","https://jobs.51job.com/173779962.html","前程无忧","岗位描述（JD）正文 + 岗位发布信息与标题（相互补充，冲突时以 JD 正文为准）"
"57","65","可考虑","市场文员","深圳华源再生医学有限公司","6-8千","深圳·光明区","","1年","大专","50-150人","","未提及","未提及","未提及","2026-09-24 15:06:36","其它","关怀福利：餐补/包吃、交通补贴、下午茶(+10)；一周内新发布（5天前）(+5)","","","餐补/包吃、交通补贴、下午茶、五险一金、年终奖、带薪年假、培训晋升","行政","https://jobs.51job.com/173770565.html","前程无忧","岗位描述（JD）正文 + 岗位发布信息与标题（相互补充，冲突时以 JD 正文为准）"
"58","64","备选","人事招聘专员","广州市东洋丽生物科技股份有限公司","4-6千","广州·从化区","","1年及以上","大专","150-500人","","未提及","未提及","是","2026-09-24 13:20:55","招聘岗","公司规模100-499人（150-500人）(+2)；弹性打卡(+10)；关怀福利：餐补/包吃、包住/房补(+8)；地点：广州(+5)；多模块（招聘/员关/行政/BP）(+5)；一周内新发布（5天前）(+5)","薪资偏低（4-6千）(-6)；招聘工作占比≥80%（招聘专员类）(-15)","","餐补/包吃、包住/房补、五险一金、年终奖、节日/团建","招聘、员关、行政、BP","https://jobs.51job.com/173284910.html","前程无忧","岗位描述（JD）正文 + 岗位发布信息与标题（相互补充，冲突时以 JD 正文为准）"
"59","64","备选","RFID业务助理 (MJ002126)","广东溢达纺织有限公司","5-7千","佛山·高明区","","无需经验","本科","10000人以上","","未提及","未提及","未提及","2026-09-24 10:08:42","部门助理","公司规模10000人以上（10000人以上）(+10)；关怀福利：交通补贴(+4)；地点：佛山(+5)；接受应届生(+5)；一周内新发布（5天前）(+5)","非核心职能岗（外贸/业务类，非HR/行政方向）(-15)","","交通补贴、五险一金、年终奖、带薪年假、节日/团建、培训晋升","行政","https://jobs.51job.com/170253744.html","前程无忧","岗位描述（JD）正文 + 岗位发布信息与标题（相互补充，冲突时以 JD 正文为准）"
"60","63","备选","行政专员/主管","深圳道童新能源有限公司","7千-1万","深圳·福田区","","2-4年","本科","50-150人","","双休","未提及","未提及","2026-09-28 14:37:39","行政专员","作息：双休(+10)；薪资7k+（7千-1万）(+5)；双模块（培训/行政）(+3)；接受应届生(+5)；一周内新发布（1天前）(+5)","管理/资深岗位（应届不匹配）(-15)","","五险一金、双休、年终奖、股权激励、培训晋升","培训、行政","https://jobs.51job.com/173785292.html","前程无忧","岗位描述（JD）正文 + 岗位发布信息与标题（相互补充，冲突时以 JD 正文为准）"
"61","62","备选","前台行政文员人事助理","惠州华亿荣盛船务有限公司","6-8千","深圳·南山区","","2-3年","大专","150-500人","","未提及","未提及","未提及","2026-09-28 17:17:55","行政专员","公司规模100-499人（150-500人）(+2)；接受应届生(+5)；一周内新发布（1天前）(+5)","","","五险一金、年终奖、节日/团建","行政","https://jobs.51job.com/173788879.html","前程无忧","岗位描述（JD）正文 + 岗位发布信息与标题（相互补充，冲突时以 JD 正文为准）"
"62","60","备选","人事行政副经理","佛山市南海泰铭五金制品有限公司","1-1.5万","佛山·南海区","","1-3年","大专","150-500人","","未提及","未提及","未提及","2026-09-26 13:55:42","其它","公司规模100-499人（150-500人）(+2)；关怀福利：餐补/包吃、包住/房补(+8)；薪资7k+（1-1.5万）(+5)；地点：佛山(+5)；一周内新发布（3天前）(+5)","管理/资深岗位（应届不匹配）(-15)","","餐补/包吃、包住/房补、五险一金、年终奖、节日/团建、培训晋升","行政","https://jobs.51job.com/173776168.html","前程无忧","岗位描述（JD）正文 + 岗位发布信息与标题（相互补充，冲突时以 JD 正文为准）"
"63","60","备选","储备干部","华瑞高光子科技（佛山）有限公司","5-8千","佛山·顺德区","","在校生/应届生","本科","50-150人","","未提及","未提及","未提及","2026-09-29 18:11:17","管培生","地点：佛山(+5)；一周内新发布（0天前）(+5)","","","培训晋升、五险一金、年终奖、节日/团建","行政","https://jobs.51job.com/137389216.html","前程无忧","岗位描述（JD）正文 + 岗位发布信息与标题（相互补充，冲突时以 JD 正文为准）"
"64","60","备选","财务人事专员","海睿咨询（广州）有限公司","5-8千","广州·白云区","","1年及以上","大专","50-150人","","未提及","未提及","未提及","2026-09-28 10:14:56","人力资源专员","地点：广州(+5)；一周内新发布（1天前）(+5)","","","五险一金、年终奖、培训晋升","","https://jobs.51job.com/173780648.html","前程无忧","岗位描述（JD）正文 + 岗位发布信息与标题（相互补充，冲突时以 JD 正文为准）"
"65","59","备选","总经理助理","东莞台联包装有限公司","7千-1万","东莞","","1年","本科","500-1000人","","未提及","未提及","未提及","2026-09-23 11:27:31","部门助理","公司规模500-999人（500-1000人）(+5)；关怀福利：餐补/包吃(+4)；薪资7k+（7千-1万）(+5)；接受应届生(+5)；一周内新发布（6天前）(+5)","管理/资深岗位（应届不匹配）(-15)","","餐补/包吃、五险一金、年终奖、带薪年假","行政","https://jobs.51job.com/173754406.html","前程无忧","岗位描述（JD）正文 + 岗位发布信息与标题（相互补充，冲突时以 JD 正文为准）"
"66","59","备选","办公室文员","东莞市佰草姿美商贸有限公司","3.5-6千","中山","","1年及以上","中技/中专","50-150人","","未提及","未提及","未提及","2026-09-29 00:00:00","其它","多模块（薪酬/员关/行政）(+5)；接受应届生(+5)；一周内新发布（0天前）(+5)","薪资偏低（3.5-6千）(-6)","","","薪酬、员关、行政","https://jobs.51job.com/173801562.html","前程无忧","岗位描述（JD）正文 + 岗位发布信息与标题（相互补充，冲突时以 JD 正文为准）"
"67","59","备选","薪酬绩效主管","中山市瑞吉食品有限公司","7千-1万","中山·火炬开发区","","1年及以上","大专","500-1000人","","未提及","未提及","未提及","2026-09-23 09:54:22","其它","公司规模500-999人（500-1000人）(+5)；关怀福利：餐补/包吃(+4)；薪资7k+（7千-1万）(+5)；多模块（规划/薪酬/绩效/员关/行政）(+5)；一周内新发布（6天前）(+5)","管理/资深岗位（应届不匹配）(-15)","","餐补/包吃、五险一金、年终奖、带薪年假、节日/团建、培训晋升","规划、薪酬、绩效、员关、行政","https://jobs.51job.com/173751905.html","前程无忧","岗位描述（JD）正文 + 岗位发布信息与标题（相互补充，冲突时以 JD 正文为准）"
"68","59","备选","行政助理（中山）","越秀物业珠三角分公司","4-6千","中山·小榄镇","","1年","大专","150-500人","","未提及","未提及","未提及","2026-09-28 10:01:29","行政专员","公司规模100-499人（150-500人）(+2)；关怀福利：餐补/包吃、包住/房补(+8)；一周内新发布（1天前）(+5)","薪资偏低（4-6千）(-6)","","餐补/包吃、包住/房补、五险一金、带薪年假、节日/团建、培训晋升","行政","https://jobs.51job.com/173780431.html","前程无忧","岗位描述（JD）正文 + 岗位发布信息与标题（相互补充，冲突时以 JD 正文为准）"
"69","58","备选","人力资源专员（驻柬埔寨）","万力轮胎股份有限公司","1-1.5万","广州·从化区","","1年及以上","本科","1000-5000人","","未提及","未提及","未提及","2026-09-25 22:50:28","人力资源专员","公司规模1000-9999人（1000-5000人）(+8)；薪资7k+（1-1.5万）(+5)；地点：广州(+5)；多模块（招聘/培训/绩效/员关/行政）(+5)；一周内新发布（3天前）(+5)","海外/外派岗位（非广东省内常驻）(-20)","","培训晋升","招聘、培训、绩效、员关、行政","https://jobs.51job.com/173775576.html","前程无忧","岗位描述（JD）正文 + 岗位发布信息与标题（相互补充，冲突时以 JD 正文为准）"
"70","58","备选","海外市场行政专员","深圳领威科技有限公司","9千-1.1万","深圳·龙华区","","1-3年","本科","1000-5000人","","大小周","未提及","未提及","2026-09-29 15:27:30","行政专员","公司规模1000-9999人（1000-5000人）(+8)；作息：大小周(+2)；关怀福利：餐补/包吃、包住/房补(+8)；薪资7k+（9千-1.1万）(+5)；双模块（招聘/行政）(+3)；一周内新发布（0天前）(+5)","海外/外派岗位（非广东省内常驻）(-20)；大小周（非双休）(-3)","","餐补/包吃、包住/房补、五险一金、年终奖、节日/团建、培训晋升","招聘、行政","https://jobs.51job.com/173793559.html","前程无忧","岗位描述（JD）正文 + 岗位发布信息与标题（相互补充，冲突时以 JD 正文为准）"
"71","58","备选","人事行政专员","深圳市科梦精密模具有限公司","7-9千","深圳·龙岗区","","1-3年","大专","150-500人","","未提及","未提及","未提及","2026-09-23 08:08:02","行政专员","公司规模100-499人（150-500人）(+2)；关怀福利：餐补/包吃、包住/房补(+8)；薪资7k+（7-9千）(+5)；双模块（招聘/员关）(+3)；一周内新发布（6天前）(+5)","招聘工作占比≥80%（招聘专员类）(-15)","","餐补/包吃、包住/房补、五险一金、带薪年假、节日/团建","招聘、员关","https://jobs.51job.com/173750417.html","前程无忧","岗位描述（JD）正文 + 岗位发布信息与标题（相互补充，冲突时以 JD 正文为准）"
"72","58","备选","文员/助理","安诺机器人（深圳）有限公司","4-6千","深圳·宝安区","","1年及以上","大专","150-500人","","大小周","未提及","未提及","2026-09-24 10:45:40","其它","公司规模100-499人（150-500人）(+2)；作息：大小周(+2)；关怀福利：餐补/包吃、交通补贴(+8)；一周内新发布（5天前）(+5)","薪资偏低（4-6千）(-6)；大小周（非双休）(-3)","","餐补/包吃、交通补贴、五险一金、年终奖、带薪年假、培训晋升","行政","https://jobs.51job.com/173765966.html","前程无忧","岗位描述（JD）正文 + 岗位发布信息与标题（相互补充，冲突时以 JD 正文为准）"
"73","58","备选","总监助理","敏匠智能科技（广东）股份有限公司","1.2-1.5万","东莞·松山湖区","","1年及以上","大专","500-1000人","","未提及","未提及","未提及","2026-09-28 17:23:25","部门助理","公司规模500-999人（500-1000人）(+5)；关怀福利：餐补/包吃、包住/房补(+8)；薪资7k+（1.2-1.5万）(+5)；一周内新发布（1天前）(+5)","管理/资深岗位（应届不匹配）(-15)","","餐补/包吃、包住/房补、五险一金、年终奖、带薪年假、培训晋升","","https://jobs.51job.com/173788989.html","前程无忧","岗位描述（JD）正文 + 岗位发布信息与标题（相互补充，冲突时以 JD 正文为准）"
"74","56","备选","行政人事专员","武汉中科锐择光电科技有限公司","4-6千","深圳·宝安区","","1年及以上","大专","150-500人","","未提及","未提及","未提及","2026-09-28 14:04:10","人力资源专员","公司规模100-499人（150-500人）(+2)；多模块（招聘/培训/薪酬/绩效/员关）(+5)；一周内新发布（1天前）(+5)","薪资偏低（4-6千）(-6)","","五险一金、培训晋升","招聘、培训、薪酬、绩效、员关、行政","https://jobs.51job.com/173784623.html","前程无忧","岗位描述（JD）正文 + 岗位发布信息与标题（相互补充，冲突时以 JD 正文为准）"
"75","55","备选","行政宣传专员/主管","广东卓信消防科技有限公司","5-7千","佛山·南海区","","1年及以上","大专","50-150人","","未提及","未提及","未提及","2026-09-24 11:21:47","其它","关怀福利：餐补/包吃、包住/房补、下午茶(+10)；地点：佛山(+5)；一周内新发布（5天前）(+5)","管理/资深岗位（应届不匹配）(-15)","","餐补/包吃、包住/房补、下午茶、五险一金、年终奖、带薪年假、培训晋升","行政","https://jobs.51job.com/170103539.html","前程无忧","岗位描述（JD）正文 + 岗位发布信息与标题（相互补充，冲突时以 JD 正文为准）"
"76","55","备选","管理培训生","巨力精密设备制造（东莞）有限公司","4.5-6千·13薪","东莞·长安镇","","无需经验","本科","150-500人","","未提及","未提及","未提及","2026-09-28 08:26:24","管培生","公司规模100-499人（150-500人）(+2)；关怀福利：餐补/包吃(+4)；一周内新发布（1天前）(+5)","薪资偏低（4.5-6千·13薪）(-6)","","培训晋升、餐补/包吃、五险一金、年终奖、带薪年假","","https://jobs.51job.com/173779127.html","前程无忧","岗位描述（JD）正文 + 岗位发布信息与标题（相互补充，冲突时以 JD 正文为准）"
"77","55","备选","员工关系岗（专员/主管/经理）","长城物业集团股份有限公司重庆分公司","5-9千","深圳·龙华区","","1年及以上","本科","10000人以上","","未提及","未提及","未提及","2026-09-29 14:31:24","其它","公司规模10000人以上（10000人以上）(+10)；多模块（薪酬/员关/行政）(+5)；一周内新发布（0天前）(+5)","管理/资深岗位（应届不匹配）(-15)","","五险一金、培训晋升","薪酬、员关、行政","https://jobs.51job.com/173796313.html","前程无忧","岗位描述（JD）正文 + 岗位发布信息与标题（相互补充，冲突时以 JD 正文为准）"
"78","54","备选","人事专员","广东三维智能装备有限公司","5-6千","东莞·石排镇","","1年及以上","大专","","","未提及","未提及","未提及","2026-09-23 10:03:40","人力资源专员","多模块（招聘/员关/行政）(+5)；一周内新发布（6天前）(+5)","薪资偏低（5-6千）(-6)","","五险一金","招聘、员关、行政","https://jobs.51job.com/173750900.html","前程无忧","岗位描述（JD）正文 + 岗位发布信息与标题（相互补充，冲突时以 JD 正文为准）"
"79","54","备选","退伍军人（储备干部）","深圳市开元国际物业管理有限公司华康区域公司","6.4-8千·13薪","东莞·樟木头镇","","1年及以上","大专","500-1000人","","排班轮休","未提及","未提及","2026-09-29 18:23:53","管培生","公司规模500-999人（500-1000人）(+5)；一周内新发布（0天前）(+5)","排班轮休（非双休）(-6)","","培训晋升、五险一金、年终奖","培训","https://jobs.51job.com/173801002.html","前程无忧","岗位描述（JD）正文 + 岗位发布信息与标题（相互补充，冲突时以 JD 正文为准）"
"80","52","备选","招聘专员","东莞文讯电线电缆有限公司","5-6千","东莞·塘厦镇","","1年及以上","高中","1000-5000人","","未提及","未提及","未提及","2026-09-28 09:15:47","招聘岗","公司规模1000-9999人（1000-5000人）(+8)；多模块（招聘/员关/行政）(+5)；接受应届生(+5)；一周内新发布（1天前）(+5)","薪资偏低（5-6千）(-6)；招聘工作占比≥80%（招聘专员类）(-15)","","","招聘、员关、行政","https://jobs.51job.com/173779526.html","前程无忧","岗位描述（JD）正文 + 岗位发布信息与标题（相互补充，冲突时以 JD 正文为准）"
"81","48","备选","总经理助理","东莞市佰草姿美商贸有限公司","8千-1.5万","中山","","1年及以上","大专","50-150人","","未提及","未提及","未提及","2026-09-29 00:00:00","部门助理","薪资7k+（8千-1.5万）(+5)；双模块（员关/行政）(+3)；一周内新发布（0天前）(+5)","管理/资深岗位（应届不匹配）(-15)","","","员关、行政","https://jobs.51job.com/173801532.html","前程无忧","岗位描述（JD）正文 + 岗位发布信息与标题（相互补充，冲突时以 JD 正文为准）"
"82","46","备选","人力招聘专员","佛山市华创酒店用品有限公司","4-6千","佛山·三水区","","1年及以上","大专","150-500人","","未提及","未提及","未提及","2026-09-24 10:27:48","招聘岗","公司规模100-499人（150-500人）(+2)；地点：佛山(+5)；多模块（招聘/薪酬/员关/BP）(+5)；一周内新发布（5天前）(+5)","薪资偏低（4-6千）(-6)；招聘工作占比≥80%（招聘专员类）(-15)","","","招聘、薪酬、员关、BP","https://jobs.51job.com/173578962.html","前程无忧","岗位描述（JD）正文 + 岗位发布信息与标题（相互补充，冲突时以 JD 正文为准）"
"83","46","备选","文员招聘行政总监","深圳市佳和家家政服务有限公司","6-8.5千","深圳·龙岗区","","无需经验","高中","150-500人","","未提及","未提及","是","2026-09-25 07:48:40","其它","公司规模100-499人（150-500人）(+2)；弹性打卡(+10)；关怀福利：餐补/包吃(+4)；接受应届生(+5)；一周内新发布（4天前）(+5)","管理/资深岗位（应届不匹配）(-15)；招聘工作占比≥80%（招聘专员类）(-15)","","培训晋升、餐补/包吃","招聘","https://jobs.51job.com/172398564.html","前程无忧","岗位描述（JD）正文 + 岗位发布信息与标题（相互补充，冲突时以 JD 正文为准）"
"84","40","备选","招聘专员","深圳市微特迈科技有限公司","5-7千","深圳·龙华区","","1-3年","本科","50-150人","","未提及","未提及","未提及","2026-09-28 11:57:04","招聘岗","一周内新发布（1天前）(+5)","招聘工作占比≥80%（招聘专员类）(-15)","","五险一金、年终奖、节日/团建","招聘","https://jobs.51job.com/171463465.html","前程无忧","岗位描述（JD）正文 + 岗位发布信息与标题（相互补充，冲突时以 JD 正文为准）"
"85","39","备选","财务行政综合岗","广州慧家文化传播有限公司","4-6千","广州·番禺区","","1年及以上","大专","50-150人","","未提及","未提及","未提及","2026-09-25 11:25:23","不相关","地点：广州(+5)；多模块（薪酬/员关/行政）(+5)；一周内新发布（4天前）(+5)","岗位方向不相关（非HR/行政方向）(-20)；薪资偏低（4-6千）(-6)","","五险一金、节日/团建","薪酬、员关、行政","https://jobs.51job.com/173774893.html","前程无忧","岗位描述（JD）正文 + 岗位发布信息与标题（相互补充，冲突时以 JD 正文为准）"
"86","35","备选","车间生产文员","深圳市欧腾科技有限公司","5-6.5千","深圳·宝安区","","1年及以上","高中","150-500人","","未提及","未提及","未提及","2026-09-29 13:50:12","其它","公司规模100-499人（150-500人）(+2)；关怀福利：包住/房补(+4)；一周内新发布（0天前）(+5)","非核心职能岗（外贸/业务/后勤类）(-20)；薪资偏低（5-6.5千）(-6)","","包住/房补、五险一金、年终奖","行政","https://jobs.51job.com/173298269.html","前程无忧","岗位描述（JD）正文 + 岗位发布信息与标题（相互补充，冲突时以 JD 正文为准）"
"87","25","备选","前台客服","深圳市西部人力资源发展有限公司","5.5-6千","深圳·南山区","","无需经验","大专","1000-5000人","","未提及","未提及","未提及","2026-09-28 14:30:17","不相关","公司规模1000-9999人（1000-5000人）(+8)；关怀福利：餐补/包吃、包住/房补(+8)；一周内新发布（1天前）(+5)","岗位方向不相关（非HR/行政方向）(-20)；客服职能（非HR/行政方向）(-20)；薪资偏低（5.5-6千）(-6)","","餐补/包吃、包住/房补、五险一金、年终奖、带薪年假","","https://jobs.51job.com/173784980.html","前程无忧","岗位描述（JD）正文 + 岗位发布信息与标题（相互补充，冲突时以 JD 正文为准）"
"88","22","备选","外资银行粤英客服专员（行政班）","广州互联企信科技有限公司","6-8千","广州·天河区","","无需经验","大专","5000-10000人","","排班轮休","9:00-18:00","未提及","2026-09-25 12:03:18","不相关","公司规模1000-9999人（5000-10000人）(+8)；地点：广州(+5)；一周内新发布（4天前）(+5)","岗位方向不相关（非HR/行政方向）(-20)；客服职能（非HR/行政方向）(-20)；排班轮休（非双休）(-6)","","五险一金、年终奖、带薪年假","","https://jobs.51job.com/173501901.html","前程无忧","岗位描述（JD）正文 + 岗位发布信息与标题（相互补充，冲突时以 JD 正文为准）"
"89","15","备选","销售助理/销售文员","珠海浩盛标签打印机有限公司","4-6千·13薪","珠海","","1-3年","大专","150-500人","","未提及","未提及","是","2026-09-28 13:41:38","其它","公司规模100-499人（150-500人）(+2)；弹性打卡(+10)；关怀福利：餐补/包吃(+4)；一周内新发布（1天前）(+5)","非核心职能岗（外贸/业务/后勤类）(-20)；销售职能(-30)；薪资偏低（4-6千·13薪）(-6)","","餐补/包吃、五险一金、年终奖、培训晋升","","https://jobs.51job.com/170637373.html","前程无忧","岗位描述（JD）正文 + 岗位发布信息与标题（相互补充，冲突时以 JD 正文为准）"